orig,I,X,X2,X',Y,Y2,Y',Z,Z2,Z',R,R2,R',L,L2,L',T,T2,T',r-lower,r2-lower,r'-lower,l-lower,l2-lower,l'-lower,RL',R2L2,R'L,U,U2,U',D,D2,D',H,H2,H',u-lower,u2-lower,u'-lower,d-lower,d2-lower,d'-lower,UD',U2D2,U'D,F,F2,F',B,B2,B',S,S2,S',f-lower,f2-lower,f'-lower,b-lower,b2-lower,b'-lower,FB',F2B2,F'B
white,white,orange,yellow,red,white,white,white,blue,yellow,green,white,white,white,white,white,white,orange,yellow,red,orange,yellow,red,red,yellow,orange,white,white,white,white,white,white,white,white,white,white,white,white,white,white,white,white,white,white,white,white,white,white,white,white,white,white,white,blue,yellow,green,blue,yellow,green,green,yellow,blue,white,white,white
blue,blue,blue,blue,blue,red,green,orange,yellow,green,white,blue,blue,blue,blue,blue,blue,blue,blue,blue,blue,blue,blue,blue,blue,blue,blue,blue,blue,blue,blue,blue,blue,blue,blue,red,green,orange,red,green,orange,orange,green,red,blue,blue,blue,blue,blue,blue,blue,blue,blue,yellow,green,white,yellow,green,white,white,green,yellow,blue,blue,blue
red,red,white,orange,yellow,green,orange,blue,red,red,red,red,red,red,red,red,red,white,orange,yellow,white,orange,yellow,yellow,orange,white,red,red,red,red,red,red,red,red,red,green,orange,blue,green,orange,blue,blue,orange,green,red,red,red,red,red,red,red,red,red,red,red,red,red,red,red,red,red,red,red,red,red
yellow,yellow,red,white,orange,yellow,yellow,yellow,green,white,blue,yellow,yellow,yellow,yellow,yellow,yellow,red,white,orange,red,white,orange,orange,white,red,yellow,yellow,yellow,yellow,yellow,yellow,yellow,yellow,yellow,yellow,yellow,yellow,yellow,yellow,yellow,yellow,yellow,yellow,yellow,yellow,yellow,yellow,yellow,yellow,yellow,yellow,yellow,green,white,blue,green,white,blue,blue,white,green,yellow,yellow,yellow
green,green,green,green,green,orange,blue,red,white,blue,yellow,green,green,green,green,green,green,green,green,green,green,green,green,green,green,green,green,green,green,green,green,green,green,green,green,orange,blue,red,orange,blue,red,red,blue,orange,green,green,green,green,green,green,green,green,green,white,blue,yellow,white,blue,yellow,yellow,blue,white,green,green,green
orange,orange,yellow,red,white,blue,red,green,orange,orange,orange,orange,orange,orange,orange,orange,orange,yellow,red,white,yellow,red,white,white,red,yellow,orange,orange,orange,orange,orange,orange,orange,orange,orange,blue,red,green,blue,red,green,green,red,blue,orange,orange,orange,orange,orange,orange,orange,orange,orange,orange,orange,orange,orange,orange,orange,orange,orange,orange,orange,orange,orange
A,A,S,U,I,B,C,D,N,W,H,A,A,A,I,U,S,A,A,A,A,A,A,I,U,S,S,U,I,B,C,D,A,A,A,A,A,A,B,C,D,A,A,A,B,C,D,A,A,A,H,W,N,A,A,A,A,A,A,H,W,N,N,W,H
B,B,T,V,J,C,D,A,O,X,E,T,V,J,B,B,B,B,B,B,T,V,J,B,B,B,T,V,J,C,D,A,B,B,B,B,B,B,C,D,A,B,B,B,C,D,A,B,B,B,E,X,O,B,B,B,B,B,B,E,X,O,O,X,E
C,C,Q,W,K,D,A,B,P,U,F,Q,W,K,C,C,C,C,C,C,Q,W,K,C,C,C,Q,W,K,D,A,B,C,C,C,C,C,C,D,A,B,C,C,C,D,A,B,P,U,F,C,C,C,C,C,C,P,U,F,C,C,C,P,U,F
D,D,R,X,L,A,B,C,M,V,G,D,D,D,L,X,R,D,D,D,D,D,D,L,X,R,R,X,L,A,B,C,D,D,D,D,D,D,A,B,C,D,D,D,A,B,C,M,V,G,D,D,D,D,D,D,M,V,G,D,D,D,M,V,G
E,E,H,G,F,Q,M,I,B,O,X,E,E,E,F,G,H,E,E,E,E,E,E,F,G,H,H,G,F,Q,M,I,E,E,E,E,E,E,Q,M,I,E,E,E,Q,M,I,E,E,E,X,O,B,E,E,E,E,E,E,X,O,B,B,O,X
F,F,E,H,G,R,N,J,C,P,U,F,F,F,G,H,E,F,F,F,F,F,F,G,H,E,E,H,G,R,N,J,F,F,F,F,F,F,R,N,J,F,F,F,R,N,J,C,P,U,F,F,F,F,F,F,C,P,U,F,F,F,C,P,U
G,G,F,E,H,S,O,K,D,M,V,G,G,G,H,E,F,G,G,G,G,G,G,H,E,F,F,E,H,G,G,G,K,O,S,G,G,G,G,G,G,K,O,S,S,O,K,D,M,V,G,G,G,G,G,G,D,M,V,G,G,G,D,M,V
H,H,G,F,E,T,P,L,A,N,W,H,H,H,E,F,G,H,H,H,H,H,H,E,F,G,G,F,E,H,H,H,L,P,T,H,H,H,H,H,H,L,P,T,T,P,L,H,H,H,W,N,A,H,H,H,H,H,H,W,N,A,A,N,W
I,I,A,S,U,E,Q,M,J,K,L,I,I,I,U,S,A,I,I,I,I,I,I,U,S,A,A,S,U,E,Q,M,I,I,I,I,I,I,E,Q,M,I,I,I,E,Q,M,J,K,L,I,I,I,I,I,I,J,K,L,I,I,I,J,K,L
J,J,B,T,V,F,R,N,K,L,I,B,T,V,J,J,J,J,J,J,B,T,V,J,J,J,B,T,V,F,R,N,J,J,J,J,J,J,F,R,N,J,J,J,F,R,N,K,L,I,J,J,J,J,J,J,K,L,I,J,J,J,K,L,I
K,K,C,Q,W,G,S,O,L,I,J,C,Q,W,K,K,K,K,K,K,C,Q,W,K,K,K,C,Q,W,K,K,K,O,S,G,K,K,K,K,K,K,O,S,G,G,S,O,L,I,J,K,K,K,K,K,K,L,I,J,K,K,K,L,I,J
L,L,D,R,X,H,T,P,I,J,K,L,L,L,X,R,D,L,L,L,L,L,L,X,R,D,D,R,X,L,L,L,P,T,H,L,L,L,L,L,L,P,T,H,H,T,P,I,J,K,L,L,L,L,L,L,I,J,K,L,L,L,I,J,K
M,M,N,O,P,I,E,Q,V,G,D,N,O,P,M,M,M,M,M,M,N,O,P,M,M,M,N,O,P,I,E,Q,M,M,M,M,M,M,I,E,Q,M,M,M,I,E,Q,V,G,D,M,M,M,M,M,M,V,G,D,M,M,M,V,G,D
N,N,O,P,M,J,F,R,W,H,A,O,P,M,N,N,N,N,N,N,O,P,M,N,N,N,O,P,M,J,F,R,N,N,N,N,N,N,J,F,R,N,N,N,J,F,R,N,N,N,A,H,W,N,N,N,N,N,N,A,H,W,W,H,A
O,O,P,M,N,K,G,S,X,E,B,P,M,N,O,O,O,O,O,O,P,M,N,O,O,O,P,M,N,O,O,O,S,G,K,O,O,O,O,O,O,S,G,K,K,G,S,O,O,O,B,E,X,O,O,O,O,O,O,B,E,X,X,E,B
P,P,M,N,O,L,H,T,U,F,C,M,N,O,P,P,P,P,P,P,M,N,O,P,P,P,M,N,O,P,P,P,T,H,L,P,P,P,P,P,P,T,H,L,L,H,T,U,F,C,P,P,P,P,P,P,U,F,C,P,P,P,U,F,C
Q,Q,W,K,C,M,I,E,T,S,R,W,K,C,Q,Q,Q,Q,Q,Q,W,K,C,Q,Q,Q,W,K,C,M,I,E,Q,Q,Q,Q,Q,Q,M,I,E,Q,Q,Q,M,I,E,Q,Q,Q,R,S,T,Q,Q,Q,Q,Q,Q,R,S,T,T,S,R
R,R,X,L,D,N,J,F,Q,T,S,R,R,R,D,L,X,R,R,R,R,R,R,D,L,X,X,L,D,N,J,F,R,R,R,R,R,R,N,J,F,R,R,R,N,J,F,R,R,R,S,T,Q,R,R,R,R,R,R,S,T,Q,Q,T,S
S,S,U,I,A,O,K,G,R,Q,T,S,S,S,A,I,U,S,S,S,S,S,S,A,I,U,U,I,A,S,S,S,G,K,O,S,S,S,S,S,S,G,K,O,O,K,G,S,S,S,T,Q,R,S,S,S,S,S,S,T,Q,R,R,Q,T
T,T,V,J,B,P,L,H,S,R,Q,V,J,B,T,T,T,T,T,T,V,J,B,T,T,T,V,J,B,T,T,T,H,L,P,T,T,T,T,T,T,H,L,P,P,L,H,T,T,T,Q,R,S,T,T,T,T,T,T,Q,R,S,S,R,Q
U,U,I,A,S,X,W,V,F,C,P,U,U,U,S,A,I,U,U,U,U,U,U,S,A,I,I,A,S,U,U,U,V,W,X,U,U,U,U,U,U,V,W,X,X,W,V,F,C,P,U,U,U,U,U,U,F,C,P,U,U,U,F,C,P
V,V,J,B,T,U,X,W,G,D,M,J,B,T,V,V,V,V,V,V,J,B,T,V,V,V,J,B,T,V,V,V,W,X,U,V,V,V,V,V,V,W,X,U,U,X,W,G,D,M,V,V,V,V,V,V,G,D,M,V,V,V,G,D,M
W,W,K,C,Q,V,U,X,H,A,N,K,C,Q,W,W,W,W,W,W,K,C,Q,W,W,W,K,C,Q,W,W,W,X,U,V,W,W,W,W,W,W,X,U,V,V,U,X,W,W,W,N,A,H,W,W,W,W,W,W,N,A,H,H,A,N
X,X,L,D,R,W,V,U,E,B,O,X,X,X,R,D,L,X,X,X,X,X,X,R,D,L,L,D,R,X,X,X,U,V,W,X,X,X,X,X,X,U,V,W,W,V,U,X,X,X,O,B,E,X,X,X,X,X,X,O,B,E,E,B,O
a,a,s,u,i,b,c,d,n,w,h,a,a,a,a,a,a,s,u,i,s,u,i,i,u,s,a,a,a,b,c,d,a,a,a,a,a,a,b,c,d,a,a,a,b,c,d,a,a,a,h,w,n,a,a,a,a,a,a,h,w,n,n,w,h
b,b,t,v,j,c,d,a,o,x,e,t,v,j,b,b,b,b,b,b,t,v,j,b,b,b,t,v,j,c,d,a,b,b,b,b,b,b,c,d,a,b,b,b,c,d,a,b,b,b,b,b,b,o,x,e,o,x,e,e,x,o,b,b,b
c,c,q,w,k,d,a,b,p,u,f,c,c,c,c,c,c,q,w,k,q,w,k,k,w,q,c,c,c,d,a,b,c,c,c,c,c,c,d,a,b,c,c,c,d,a,b,p,u,f,c,c,c,c,c,c,p,u,f,c,c,c,p,u,f
d,d,r,x,l,a,b,c,m,v,g,d,d,d,l,x,r,d,d,d,d,d,d,l,x,r,r,x,l,a,b,c,d,d,d,d,d,d,a,b,c,d,d,d,a,b,c,d,d,d,d,d,d,m,v,g,m,v,g,g,v,m,d,d,d
e,e,h,g,f,q,m,i,b,o,x,e,e,e,f,g,h,e,e,e,e,e,e,f,g,h,h,g,f,q,m,i,e,e,e,e,e,e,q,m,i,e,e,e,q,m,i,e,e,e,e,e,e,b,o,x,b,o,x,x,o,b,e,e,e
f,f,e,h,g,r,n,j,c,p,u,f,f,f,g,h,e,f,f,f,f,f,f,g,h,e,e,h,g,f,f,f,f,f,f,r,n,j,r,n,j,j,n,r,f,f,f,c,p,u,f,f,f,f,f,f,c,p,u,f,f,f,c,p,u
g,g,f,e,h,s,o,k,d,m,v,g,g,g,h,e,f,g,g,g,g,g,g,h,e,f,f,e,h,g,g,g,k,o,s,g,g,g,g,g,g,k,o,s,s,o,k,g,g,g,g,g,g,d,m,v,d,m,v,v,m,d,g,g,g
h,h,g,f,e,t,p,l,a,n,w,h,h,h,e,f,g,h,h,h,h,h,h,e,f,g,g,f,e,h,h,h,h,h,h,t,p,l,t,p,l,l,p,t,h,h,h,h,h,h,w,n,a,h,h,h,h,h,h,w,n,a,a,n,w
i,i,a,s,u,e,q,m,j,k,l,i,i,i,i,i,i,a,s,u,a,s,u,u,s,a,i,i,i,e,q,m,i,i,i,i,i,i,e,q,m,i,i,i,e,q,m,j,k,l,i,i,i,i,i,i,j,k,l,i,i,i,j,k,l
j,j,b,t,v,f,r,n,k,l,i,b,t,v,j,j,j,j,j,j,b,t,v,j,j,j,b,t,v,j,j,j,j,j,j,f,r,n,f,r,n,n,r,f,j,j,j,k,l,i,j,j,j,j,j,j,k,l,i,j,j,j,k,l,i
k,k,c,q,w,g,s,o,l,i,j,k,k,k,k,k,k,c,q,w,c,q,w,w,q,c,k,k,k,k,k,k,o,s,g,k,k,k,k,k,k,o,s,g,g,s,o,l,i,j,k,k,k,k,k,k,l,i,j,k,k,k,l,i,j
l,l,d,r,x,h,t,p,i,j,k,l,l,l,x,r,d,l,l,l,l,l,l,x,r,d,d,r,x,l,l,l,l,l,l,h,t,p,h,t,p,p,t,h,l,l,l,i,j,k,l,l,l,l,l,l,i,j,k,l,l,l,i,j,k
m,m,n,o,p,i,e,q,v,g,d,n,o,p,m,m,m,m,m,m,n,o,p,m,m,m,n,o,p,i,e,q,m,m,m,m,m,m,i,e,q,m,m,m,i,e,q,m,m,m,m,m,m,v,g,d,v,g,d,d,g,v,m,m,m
n,n,o,p,m,j,f,r,w,h,a,o,p,m,n,n,n,n,n,n,o,p,m,n,n,n,o,p,m,n,n,n,n,n,n,j,f,r,j,f,r,r,f,j,n,n,n,n,n,n,a,h,w,n,n,n,n,n,n,a,h,w,w,h,a
o,o,p,m,n,k,g,s,x,e,b,p,m,n,o,o,o,o,o,o,p,m,n,o,o,o,p,m,n,o,o,o,s,g,k,o,o,o,o,o,o,s,g,k,k,g,s,o,o,o,o,o,o,x,e,b,x,e,b,b,e,x,o,o,o
p,p,m,n,o,l,h,t,u,f,c,m,n,o,p,p,p,p,p,p,m,n,o,p,p,p,m,n,o,p,p,p,p,p,p,l,h,t,l,h,t,t,h,l,p,p,p,u,f,c,p,p,p,p,p,p,u,f,c,p,p,p,u,f,c
q,q,w,k,c,m,i,e,t,s,r,q,q,q,q,q,q,w,k,c,w,k,c,c,k,w,q,q,q,m,i,e,q,q,q,q,q,q,m,i,e,q,q,q,m,i,e,q,q,q,r,s,t,q,q,q,q,q,q,r,s,t,t,s,r
r,r,x,l,d,n,j,f,q,t,s,r,r,r,d,l,x,r,r,r,r,r,r,d,l,x,x,l,d,r,r,r,r,r,r,n,j,f,n,j,f,f,j,n,r,r,r,r,r,r,s,t,q,r,r,r,r,r,r,s,t,q,q,t,s
s,s,u,i,a,o,k,g,r,q,t,s,s,s,s,s,s,u,i,a,u,i,a,a,i,u,s,s,s,s,s,s,g,k,o,s,s,s,s,s,s,g,k,o,o,k,g,s,s,s,t,q,r,s,s,s,s,s,s,t,q,r,r,q,t
t,t,v,j,b,p,l,h,s,r,q,v,j,b,t,t,t,t,t,t,v,j,b,t,t,t,v,j,b,t,t,t,t,t,t,p,l,h,p,l,h,h,l,p,t,t,t,t,t,t,q,r,s,t,t,t,t,t,t,q,r,s,s,r,q
u,u,i,a,s,x,w,v,f,c,p,u,u,u,u,u,u,i,a,s,i,a,s,s,a,i,u,u,u,u,u,u,v,w,x,u,u,u,u,u,u,v,w,x,x,w,v,f,c,p,u,u,u,u,u,u,f,c,p,u,u,u,f,c,p
v,v,j,b,t,u,x,w,g,d,m,j,b,t,v,v,v,v,v,v,j,b,t,v,v,v,j,b,t,v,v,v,w,x,u,v,v,v,v,v,v,w,x,u,u,x,w,v,v,v,v,v,v,g,d,m,g,d,m,m,d,g,v,v,v
w,w,k,c,q,v,u,x,h,a,n,w,w,w,w,w,w,k,c,q,k,c,q,q,c,k,w,w,w,w,w,w,x,u,v,w,w,w,w,w,w,x,u,v,v,u,x,w,w,w,n,a,h,w,w,w,w,w,w,n,a,h,h,a,n
x,x,l,d,r,w,v,u,e,b,o,x,x,x,r,d,l,x,x,x,x,x,x,r,d,l,l,d,r,x,x,x,u,v,w,x,x,x,x,x,x,u,v,w,w,v,u,x,x,x,x,x,x,e,b,o,e,b,o,o,b,e,x,x,x