orig,I T-reflection,X T-reflection,X2 T-reflection,X' T-reflection,Y T-reflection,Y2 T-reflection,Y' T-reflection,Z T-reflection,Z2 T-reflection,Z' T-reflection,Z X T-reflection,Y' X' T-reflection,Y X' T-reflection,Z' X T-reflection,Z' X' T-reflection,Y' X T-reflection,Y X T-reflection,Z X' T-reflection,Y' X2 T-reflection,Y X2 T-reflection,Z X2 T-reflection,Z' X2 T-reflection,Z2 X T-reflection,Z2 X' T-reflection
wht,wht,ora,yel,red,wht,wht,wht,grn,yel,blu,grn,red,red,blu,blu,ora,ora,grn,yel,yel,grn,blu,red,ora
grn,blu,blu,blu,blu,ora,grn,red,wht,grn,yel,ora,yel,wht,red,ora,wht,yel,red,ora,red,yel,wht,grn,grn
red,red,wht,ora,yel,blu,ora,grn,red,red,red,wht,grn,blu,wht,yel,grn,blu,yel,grn,blu,ora,ora,wht,yel
blu,grn,grn,grn,grn,red,blu,ora,yel,blu,wht,red,wht,yel,ora,red,yel,wht,ora,red,ora,wht,yel,blu,blu
ora,ora,yel,red,wht,grn,red,blu,ora,ora,ora,yel,blu,grn,yel,wht,blu,grn,wht,blu,grn,red,red,yel,wht
yel,yel,red,wht,ora,yel,yel,yel,blu,wht,grn,blu,ora,ora,grn,grn,red,red,blu,wht,wht,blu,grn,ora,red
A,B,T,V,J,A,D,C,E,X,O,H,K,I,P,N,Q,S,F,W,U,G,M,L,R
B,A,S,U,I,D,C,B,H,W,N,G,J,L,O,M,T,R,E,V,X,F,P,K,Q
C,D,R,X,L,C,B,A,G,V,M,F,I,K,N,P,S,Q,H,U,W,E,O,J,T
D,C,Q,W,K,B,A,D,F,U,P,E,L,J,M,O,R,T,G,X,V,H,N,I,S
E,N,O,P,M,R,F,J,A,H,W,S,V,D,K,Q,B,X,I,T,L,U,C,G,E
F,M,N,O,P,Q,E,I,D,G,V,R,U,C,J,T,A,W,L,S,K,X,B,F,H
G,P,M,N,O,T,H,L,C,F,U,Q,X,B,I,S,D,V,K,R,J,W,A,E,G
H,O,P,M,N,S,G,K,B,E,X,T,W,A,L,R,C,U,J,Q,I,V,D,H,F
I,J,B,T,V,N,R,F,I,L,K,A,G,M,C,W,E,O,U,H,P,S,Q,D,X
J,I,A,S,U,M,Q,E,L,K,J,D,F,P,B,V,H,N,X,G,O,R,T,C,W
K,L,D,R,X,P,T,H,K,J,I,C,E,O,A,U,G,M,W,F,N,Q,S,B,V
L,K,C,Q,W,O,S,G,J,I,L,B,H,N,D,X,F,P,V,E,M,T,R,A,U
M,F,E,H,G,J,N,R,U,P,C,I,D,V,Q,K,X,B,S,L,T,A,W,M,O
N,E,H,G,F,I,M,Q,X,O,B,L,C,U,T,J,W,A,R,K,S,D,V,P,N
O,H,G,F,E,L,P,T,W,N,A,K,B,X,S,I,V,D,Q,J,R,C,U,O,M
P,G,F,E,H,K,O,S,V,M,D,J,A,W,R,L,U,C,T,I,Q,B,X,N,P
Q,R,X,L,D,F,J,N,S,T,Q,U,M,G,W,C,O,E,A,P,H,I,K,V,B
R,Q,W,K,C,E,I,M,R,S,T,X,P,F,V,B,N,H,D,O,G,L,J,U,A
S,T,V,J,B,H,L,P,Q,R,S,W,O,E,U,A,M,G,C,N,F,K,I,X,D
T,S,U,I,A,G,K,O,T,Q,R,V,N,H,X,D,P,F,B,M,E,J,L,W,C
U,V,J,B,T,W,X,U,M,D,G,N,S,Q,F,H,I,K,P,A,C,O,E,R,L
V,U,I,A,S,V,W,X,P,C,F,M,R,T,E,G,L,J,O,D,B,N,H,Q,K
W,X,L,D,R,U,V,W,O,B,E,P,Q,S,H,F,K,I,N,C,A,M,G,T,J
X,W,K,C,Q,X,U,V,N,A,H,O,T,R,G,E,J,L,M,B,D,P,F,S,I
a,a,s,u,i,d,c,b,h,w,n,g,j,l,o,m,t,r,e,v,x,f,p,k,q
b,d,r,x,l,c,b,a,g,v,m,f,i,k,n,p,s,q,h,u,w,e,o,j,t
c,c,q,w,k,b,a,d,f,u,p,e,l,j,m,o,r,t,g,x,v,h,n,i,s
d,b,t,v,j,a,d,c,e,x,o,h,k,i,p,n,q,s,f,w,u,g,m,l,r
e,m,n,o,p,q,e,i,d,g,v,r,u,c,j,t,a,w,l,s,k,x,b,f,h
f,p,m,n,o,t,h,l,c,f,u,q,x,b,i,s,d,v,k,r,j,w,a,e,g
g,o,p,m,n,s,g,k,b,e,x,t,w,a,l,r,c,u,j,q,i,v,d,h,f
h,n,o,p,m,r,f,j,a,h,w,s,v,d,k,q,b,x,i,t,l,u,c,g,e
i,i,a,s,u,m,q,e,l,k,j,d,f,p,b,v,h,n,x,g,o,r,t,c,w
j,l,d,r,x,p,t,h,k,j,i,c,e,o,a,u,g,m,w,f,n,q,s,b,v
k,k,c,q,w,o,s,g,j,i,l,b,h,n,d,x,f,p,v,e,m,t,r,a,u
l,j,b,t,v,n,r,f,i,l,k,a,g,m,c,w,e,o,u,h,p,s,q,d,x
m,e,h,g,f,i,m,q,x,o,b,l,c,u,t,j,w,a,r,k,s,d,v,p,n
n,h,g,f,e,l,p,t,w,n,a,k,b,x,s,i,v,d,q,j,r,c,u,o,m
o,g,f,e,h,k,o,s,v,m,d,j,a,w,r,l,u,c,t,i,q,b,x,n,p
p,f,e,h,g,j,n,r,u,p,c,i,d,v,q,k,x,b,s,l,t,a,w,m,o
q,q,w,k,c,e,i,m,r,s,t,x,p,f,v,b,n,h,d,o,g,l,j,u,a
r,t,v,j,b,h,l,p,q,r,s,w,o,e,u,a,m,g,c,n,f,k,i,x,d
s,s,u,i,a,g,k,o,t,q,r,v,n,h,x,d,p,f,b,m,e,j,l,w,c
t,r,x,l,d,f,j,n,s,t,q,u,m,g,w,c,o,e,a,p,h,i,k,v,b
u,u,i,a,s,v,w,x,p,c,f,m,r,t,e,g,l,j,o,d,b,n,h,q,k
v,x,l,d,r,u,v,w,o,b,e,p,q,s,h,f,k,i,n,c,a,m,g,t,j
w,w,k,c,q,x,u,v,n,a,h,o,t,r,g,e,j,l,m,b,d,p,f,s,i
x,v,j,b,t,w,x,u,m,d,g,n,s,q,f,h,i,k,p,a,c,o,e,r,l